Year,SERIES,Reference area,UNIT_MEASURE,GeoCode,Value
2015,Coverage of essential health services: % Antenatal care coverage (at least 4 visits),,Percent,,52.0
2016,Coverage of essential health services: % Antenatal care coverage (at least 4 visits),,Percent,,56.1
2017,Coverage of essential health services: % Antenatal care coverage (at least 4 visits),,Percent,,62.2
2018,Coverage of essential health services: % Antenatal care coverage (at least 4 visits),,Percent,,68.1
2019,Coverage of essential health services: % Antenatal care coverage (at least 4 visits),,Percent,,70.4
2015,Coverage of essential health services: % Measles & rubella (MR) coverage (%) among 9-12 months old children,,Percent,,80.0
2017,Coverage of essential health services: % Measles & rubella (MR) coverage (%) among 9-12 months old children,,Percent,,59.7
