Year,SERIES,Reference area,Sex,UNIT_MEASURE,GeoCode,Value
2015,"Proportion of informal employment, by sector and sex (ILO harmonized estimates) [8.3.1]",,,Percent,,80.8
2015,"Proportion of informal employment, by sector and sex (ILO harmonized estimates) [8.3.1]",,Male,Percent,,0.754
2015,"Proportion of informal employment, by sector and sex (ILO harmonized estimates) [8.3.1]",,Female,Percent,,0.866
2017,"Proportion of informal employment, by sector and sex (ILO harmonized estimates) [8.3.1]",,,Percent,,66.5
2017,"Proportion of informal employment, by sector and sex (ILO harmonized estimates) [8.3.1]",,Male,Percent,,19.97
2017,"Proportion of informal employment, by sector and sex (ILO harmonized estimates) [8.3.1]",,Female,Percent,,46.53
