Year,SERIES,ເຂດອ້າງອີງ,UNIT_MEASURE,GeoCode,Value
2015,ຈໍານວນຄົນທີ່ຕ້ອງການແຊກແຊງພະຍາດເຂດຮ້ອນທີ່ຖືກລະເລີຍ [3.3.5],,ເລກທີ,,2183066
2016,ຈໍານວນຄົນທີ່ຕ້ອງການແຊກແຊງພະຍາດເຂດຮ້ອນທີ່ຖືກລະເລີຍ [3.3.5],,ເລກທີ,,2206011
2017,ຈໍານວນຄົນທີ່ຕ້ອງການແຊກແຊງພະຍາດເຂດຮ້ອນທີ່ຖືກລະເລີຍ [3.3.5],,ເລກທີ,,1953002
2018,ຈໍານວນຄົນທີ່ຕ້ອງການແຊກແຊງພະຍາດເຂດຮ້ອນທີ່ຖືກລະເລີຍ [3.3.5],,ເລກທີ,,2031804
