Year,SERIES,ເຂດອ້າງອີງ,UNIT_MEASURE,GeoCode,Value
2015,ຫມາຍເຖິງຈໍານວນວັນເພື່ອຊໍາລະການນໍາເຂົ້າ,,ເລກທີ,,26
2016,ຫມາຍເຖິງຈໍານວນວັນເພື່ອຊໍາລະການນໍາເຂົ້າ,,ເລກທີ,,9
2017,ຫມາຍເຖິງຈໍານວນວັນເພື່ອຊໍາລະການນໍາເຂົ້າ,,ເລກທີ,,10
2018,ຫມາຍເຖິງຈໍານວນວັນເພື່ອຊໍາລະການນໍາເຂົ້າ,,ເລກທີ,,10
2019,ຫມາຍເຖິງຈໍານວນວັນເພື່ອຊໍາລະການນໍາເຂົ້າ,,ເລກທີ,,3
